status,series,width,depth,height,excel_total,formula_base,base_minus_excel,base_diff_pct,formula_final,db_cost,final_minus_db,markup,formula_error,excel_total_cell,parameters,file,sheet
standard,ЗВН-01,500,700,400,5405.508981,5161.259749,-244.249232,-4.5185,10866.71,11045.12799794438,-178.417998,1.94,,I19,500/700/400/н.ст.08/задн.ст.ОЦИНК/не.краш/ст.фильтры/врез.выт/-/без.подсв/вент.нет/сборн,Зонты/______-01/ЗВН 01.xlsx,ЗВН 01 500х700х400
standard,ЗВН-01,800,700,400,6953.372188000001,6506.508982,-446.863206,-6.4266,13737.47,12871.82224375826,865.647756,1.94,,I19,800/700/400/н.ст.08/задн.ст.ОЦИНК/не.краш/ст.фильтры/врез.выт/-/без.подсв/вент.нет/сборн,Зонты/______-01/ЗВН 01.xlsx,ЗВН 01 800х700х400 
standard,ЗВН-01,1000,700,400,7718.134252000001,7202.682753,-515.451499,-6.6784,15223.1,14719.75712033741,503.34288,1.94,,I19,1000/700/400/н.ст.08/задн.ст.ОЦИНК/не.краш/ст.фильтры/врез.выт/-/без.подсв/вент.нет/сборн,Зонты/______-01/ЗВН 01.xlsx,ЗВН 01 1000х700х400
standard,ЗВН-01,1200,700,400,8883.338534,8199.8451,-683.493434,-7.6941,17351.05,18606.79255038322,-1255.74255,1.94,,I19,1200/700/400/н.ст.08/задн.ст.ОЦИНК/не.краш/ст.фильтры/врез.выт/-/без.подсв/вент.нет/сборн,Зонты/______-01/ЗВН 01.xlsx,ЗВН 01 1200х700х400 
standard,ЗВН-01,1600,700,400,10813.30488,9893.181219,-920.123661,-8.5092,20964.63,21134.42761145126,-169.797611,1.94,,I19,1600/700/400/н.ст.08/задн.ст.ОЦИНК/не.краш/ст.фильтры/врез.выт/-/без.подсв/вент.нет/сборн,Зонты/______-01/ЗВН 01.xlsx,ЗВН 01 1600х700х400
standard,ЗВН-01,1800,700,400,11577.789051000003,10589.35499,-988.434061,-8.5373,22450.26,24129.35654935541,-1679.096549,1.94,,I21,1800/700/400/н.ст.08/задн.ст.ОЦИНК/не.краш/ст.фильтры/врез.выт/-/без.подсв/вент.нет/сборн,Зонты/______-01/ЗВН 01.xlsx,ЗВН 01 1800х700х400 
standard,ЗВН-02,500,1000,400,6480.305775000001,5803.640959,-676.664816,-10.4419,12384.97,12425.76899768742,-40.798998,1.94,,I20,500/1000/400/н.ст.08/задн.ст.ОЦИНК/не.краш/ст.фильтры/врез.выт/-/без.подсв/вент.нет/сборн,Зонты/______-02/ЗВН-02 1000 мм.xlsx,ЗВН 02 500х1000х400
standard,ЗВН-02,800,1000,400,8254.651777000001,7354.841872,-899.809905,-10.9006,15695.23,15165.81036640824,529.419634,1.94,,I20,800/1000/400/н.ст.08/задн.ст.ОЦИНК/не.краш/ст.фильтры/врез.выт/-/без.подсв/вент.нет/сборн,Зонты/______-02/ЗВН-02 1000 мм.xlsx,ЗВН 02 800х1000х400 
standard,ЗВН-02,1000,1000,400,9170.30974,8188.316762,-981.992978,-10.7084,17473.87,17704.70296178187,-230.832962,1.94,,I20,1000/1000/400/н.ст.08/задн.ст.ОЦИНК/не.краш/ст.фильтры/врез.выт/-/без.подсв/вент.нет/сборн,Зонты/______-02/ЗВН-02 1000 мм.xlsx,ЗВН 02 1000х1000х400
standard,ЗВН-02,1200,1000,400,10486.687814,9322.78023,-1163.907584,-11.0989,19894.81,21835.36842670542,-1940.558427,1.94,,I20,1200/1000/400/н.ст.08/задн.ст.ОЦИНК/не.краш/ст.фильтры/врез.выт/-/без.подсв/вент.нет/сборн,Зонты/______-02/ЗВН-02 1000 мм.xlsx,ЗВН 02 1200х1000х400
standard,ЗВН-02,1600,1000,400,12718.723851,11290.718588,-1428.005263,-11.2276,24094.39,23895.70961093736,198.680389,1.94,,I20,1600/1000/400/н.ст.08/задн.ст.ОЦИНК/не.краш/ст.фильтры/врез.выт/-/без.подсв/вент.нет/сборн,Зонты/______-02/ЗВН-02 1000 мм.xlsx,ЗВН 02 1600х1000х400
standard,ЗВН-02,1800,1000,400,13634.381814000002,12124.193479,-1510.188335,-11.0763,25873.03,26656.99161042345,-783.96161,1.94,,I22,1800/1000/400/н.ст.08/задн.ст.ОЦИНК/не.краш/ст.фильтры/врез.выт/-/без.подсв/вент.нет/сборн,Зонты/______-02/ЗВН-02 1000 мм.xlsx,ЗВН 02 1800х1000х400
standard,ЗВН-02,2000,1000,400,14549.483991000001,12957.66837,-1591.815621,-10.9407,27651.66,28717.33279465538,-1065.672795,1.94,,I20,2000/1000/400/н.ст.08/задн.ст.ОЦИНК/не.краш/ст.фильтры/врез.выт/-/без.подсв/вент.нет/сборн,Зонты/______-02/ЗВН-02 1000 мм.xlsx,ЗВН 02 2000х1000х400
standard,ЗВН-02,500,1200,400,6954.113340000001,6250.025623,-704.087717,-10.1248,13337.55,13105.46918217631,232.080818,1.94,,I20,500/1200/400/н.ст.08/задн.ст.ОЦИНК/не.краш/ст.фильтры/врез.выт/-/без.подсв/вент.нет/сборн,Зонты/______-02/ЗВН-02 1200 мм.xlsx,ЗВН 02 500х1200х400
standard,ЗВН-02,800,1200,400,8831.557645,7904.202376,-927.355269,-10.5005,16867.57,16312.80442773323,554.765572,1.94,,I20,800/1200/400/н.ст.08/задн.ст.ОЦИНК/не.краш/ст.фильтры/врез.выт/-/без.подсв/вент.нет/сборн,Зонты/______-02/ЗВН-02 1200 мм.xlsx,ЗВН 02 800х1200х400
standard,ЗВН-02,1000,1200,400,9815.855179000002,8806.327826,-1009.527353,-10.2847,18792.7,19074.08642721932,-281.386427,1.94,,I20,1000/1200/400/н.ст.08/задн.ст.ОЦИНК/не.краш/ст.фильтры/врез.выт/-/без.подсв/вент.нет/сборн,Зонты/______-02/ЗВН-02 1200 мм.xlsx,ЗВН 02 1000х1200х400
standard,ЗВН-02,1200,1200,400,11200.872824,10009.441854,-1191.43097,-10.6369,21360.15,25042.70367226235,-3682.553672,1.94,,I20,1200/1200/400/н.ст.08/задн.ст.ОЦИНК/не.краш/ст.фильтры/врез.выт/-/без.подсв/вент.нет/сборн,Зонты/______-02/ЗВН-02 1200 мм.xlsx,ЗВН 02 1200х1200х400
standard,ЗВН-02,1600,1200,400,12618.961859000003,12114.681332,-504.280527,-3.9962,25852.73,27336.69179491234,-1483.961795,1.94,,I21,1600/1200/400/н.ст.08/задн.ст.ОЦИНК/не.краш/ст.фильтры/врез.выт/-/без.подсв/вент.нет/сборн,Зонты/______-02/ЗВН-02 1200 мм.xlsx,ЗВН 02 1600х1200х400
standard,ЗВН-02,1800,1200,400,14615.899890000002,13016.806783,-1599.093107,-10.9408,27777.87,31478.61479414147,-3700.744794,1.94,,I23,1800/1200/400/н.ст.08/задн.ст.ОЦИНК/не.краш/ст.фильтры/врез.выт/-/без.подсв/вент.нет/сборн,Зонты/______-02/ЗВН-02 1200 мм.xlsx,ЗВН 02 1800х1200х400
standard,ЗВН-02,2000,1200,400,15606.866856,13918.932234,-1687.934622,-10.8153,29703.0,34975.8612,-5272.8612,1.94,,I21,2000/1200/400/н.ст.08/задн.ст.ОЦИНК/не.краш/ст.фильтры/врез.выт/-/без.подсв/вент.нет/сборн,Зонты/______-02/ЗВН-02 1200 мм.xlsx,ЗВН 02 2000х1200х400
nonstandard:LIGHTS,ЗВН-02 ПРЕМИУМ,1000,500,400,19472.765099999997,,,,,,,,,I33,1000/500/400/н.ст.08/задн.ст.ОЦИНК/не.краш/премиум.жир/врез.выт/-/без.подсв/вент.нет/сборн,Зонты/______-02 ______________/ЗВН-02 ПРЕМИУМ 1000х500х400 св.панель.xlsx,ЗВН-02 ПРЕМИУМ 1000-500-400
nonstandard:LIGHTS,ЗВН-02 ПРЕМИУМ,1100,900,400,12903.144999999999,,,,,24990.3620063571,,,,I34,1100/900/400/н.ст.08/задн.ст.ОЦИНК/не.краш/премиум.жир/врез.выт/-/без.подсв/вент.нет/сборн,Зонты/______-02 ______________/ЗВН-02 ПРЕМИУМ 1100х900х400 точ.светильник.xlsx,ЗВН-02 ПРЕМИУМ 1100-900-400
nonstandard:LIGHTS,ЗВН-02 ПРЕМИУМ,1000,500,400,20312.0433,,,,,,,,,I33,1000/500/400/н.ст.08/задн.ст.ОЦИНК/не.краш/премиум.жир/врез.выт/-/без.подсв/вент.нет/сборн,Зонты/______-02 ______________/ЗВН-02 ПРЕМИУМ 1200х500х400 св.панель.xlsx,ЗВН-02 ПРЕМИУМ 1000-500-400
nonstandard:LIGHTS,ЗВН-02 ПРЕМИУМ,1600,1000,400,17117.8744,,,,,31064.42249421857,,,,I34,1600/1000/400/н.ст.08/задн.ст.ОЦИНК/не.краш/премиум.жир/врез.выт/-/без.подсв/вент.нет/сборн,Зонты/______-02 ______________/ЗВН-02 ПРЕМИУМ 1600х1000х400 точ.светильник.xlsx,ЗВН-02 ПРЕМИУМ 1600-1000-400
standard,ЗВН-02 ПРЕМИУМ,1700,1000,400,14735.095800000001,12417.510919,-2317.584881,-15.7283,29367.41,32859.31235834028,-3491.902358,2.15,,I21,1700/1000/400/н.ст.08/задн.ст.ОЦИНК/не.краш/премиум.жир/врез.выт/-/без.подсв/вент.нет/сборн,Зонты/______-02 ______________/ЗВН-02 ПРЕМИУМ 1700х1000х400 без свет..xlsx,ЗВН-02 ПРЕМИУМ 1700-1000-400
standard,ЗВН-02 ПРЕМИУМ,1800,900,400,14929.6209,12443.551786,-2486.069114,-16.6519,29429.0,33551.06783354406,-4122.067834,2.15,,I20,1800/900/400/н.ст.08/задн.ст.ОЦИНК/не.краш/премиум.жир/врез.выт/-/без.подсв/вент.нет/сборн,Зонты/______-02 ______________/ЗВН-02 ПРЕМИУМ 1800х900х400 без свет..xlsx,ЗВН-02 ПРЕМИУМ 1800-900-400
standard,ЗВН-02 ПРЕМИУМ,2000,900,400,15835.7759,13301.029409,-2534.746491,-16.0065,31456.93,36449.76436904952,-4992.834369,2.15,,I20,2000/900/400/н.ст.08/задн.ст.ОЦИНК/не.краш/премиум.жир/врез.выт/-/без.подсв/вент.нет/сборн,Зонты/______-02 ______________/ЗВН-02 ПРЕМИУМ 2000х900х400 без свет..xlsx,ЗВН-02 ПРЕМИУМ 2000-900-400
standard,ЗВН-02 ПРЕМИУМ,800,900,400,8904.5376,7433.791087,-1470.746513,-16.5168,17580.92,19330.20728699518,-1749.287287,2.15,,I21,800/900/400/н.ст.08/задн.ст.ОЦИНК/не.краш/премиум.жир/врез.выт/-/без.подсв/вент.нет/сборн,Зонты/______-02 ______________/ЗВН-02 ПРЕМИУМ 800х900х400 без свет..xlsx,ЗВН-02 ПРЕМИУМ 800-900-400
standard,ЗВН-03,500,1000,400,6586.846066000001,5219.318464,-1367.527602,-20.7615,11138.03,12425.76899768742,-1287.738998,1.94,,I20,500/1000/400/н.ст.08/задн.ст.ОЦИНК/не.краш/ст.фильтры/врез.выт/-/без.подсв/вент.нет/сборн,Зонты/______-03/ЗВН-03 1000 мм.xlsx,ЗВН 03 500х1000х400
standard,ЗВН-03,800,1000,400,8421.611867000001,7240.931737,-1180.68013,-14.0196,15452.15,15165.81036640824,286.339634,1.94,,I20,800/1000/400/н.ст.08/задн.ст.ОЦИНК/не.краш/ст.фильтры/врез.выт/-/без.подсв/вент.нет/сборн,Зонты/______-03/ЗВН-03 1000 мм.xlsx,ЗВН 03 800х1000х400
standard,ЗВН-03,1000,1000,400,9377.413186000002,8388.014868,-989.398318,-10.5509,17900.02,17704.70296178187,195.317038,1.94,,I20,1000/1000/400/н.ст.08/задн.ст.ОЦИНК/не.краш/ст.фильтры/врез.выт/-/без.подсв/вент.нет/сборн,Зонты/______-03/ЗВН-03 1000 мм.xlsx,ЗВН 03 1000х1000х400 
standard,ЗВН-03,1200,1000,400,10734.071126,10096.086575,-637.984551,-5.9435,21545.05,21835.36842670542,-290.318427,1.94,,I20,1200/1000/400/н.ст.08/задн.ст.ОЦИНК/не.краш/ст.фильтры/врез.выт/-/без.подсв/вент.нет/сборн,Зонты/______-03/ЗВН-03 1000 мм.xlsx,ЗВН 03 1200х1000х400 
standard,ЗВН-03,1400,800,400,10905.517016000002,10806.302506,-99.21451,-0.9098,23060.65,21771.25243779167,1289.397562,1.94,,I22,1400/800/400/н.ст.08/задн.ст.ОЦИНК/не.краш/ст.фильтры/врез.выт/-/без.подсв/вент.нет/сборн,Зонты/______-03/ЗВН-03 1000 мм.xlsx,ЗВН 03 1400х800х400 
standard,ЗВН-03,1400,1000,400,11690.008955000003,11243.169706,-446.839249,-3.8224,23992.92,23110.71200412976,882.207996,1.94,,I22,1400/1000/400/н.ст.08/задн.ст.ОЦИНК/не.краш/ст.фильтры/врез.выт/-/без.подсв/вент.нет/сборн,Зонты/______-03/ЗВН-03 1000 мм.xlsx,ЗВН 03 1400х1000х400 
standard,ЗВН-03,1500,1000,400,12167.702413,11816.711271,-350.991142,-2.8846,25216.86,23386.15694991934,1830.70305,1.94,,I20,1500/1000/400/н.ст.08/задн.ст.ОЦИНК/не.краш/ст.фильтры/врез.выт/-/без.подсв/вент.нет/сборн,Зонты/______-03/ЗВН-03 1000 мм.xlsx,ЗВН 03 1500х1000х400 
standard,ЗВН-03,1600,1000,400,13046.530385,12691.241414,-355.288971,-2.7232,27083.11,23895.70961093736,3187.400389,1.94,,I20,1600/1000/400/н.ст.08/задн.ст.ОЦИНК/не.краш/ст.фильтры/врез.выт/-/без.подсв/вент.нет/сборн,Зонты/______-03/ЗВН-03 1000 мм.xlsx,ЗВН 03 1600х1000х400
standard,ЗВН-03,1800,1000,400,14002.468214,13838.324544,-164.14367,-1.1722,29530.98,26656.99161042345,2873.98839,1.94,,I22,1800/1000/400/н.ст.08/задн.ст.ОЦИНК/не.краш/ст.фильтры/врез.выт/-/без.подсв/вент.нет/сборн,Зонты/______-03/ЗВН-03 1000 мм.xlsx,ЗВН 03 1800х1000х400 
standard,ЗВН-03,2000,1000,400,14957.991640000002,14985.407675,27.416035,0.1833,31978.86,28717.33279465538,3261.527205,1.94,,I20,2000/1000/400/н.ст.08/задн.ст.ОЦИНК/не.краш/ст.фильтры/врез.выт/-/без.подсв/вент.нет/сборн,Зонты/______-03/ЗВН-03 1000 мм.xlsx,ЗВН 03 2000х1000х400 
standard,ЗВН-03,500,1200,400,7072.773651,5375.342464,-1697.431187,-23.9995,11470.98,15304.4829,-3833.5029,1.94,,I21,500/1200/400/н.ст.08/задн.ст.ОЦИНК/не.краш/ст.фильтры/врез.выт/-/без.подсв/вент.нет/сборн,Зонты/______-03/ЗВН-03 1200 мм.xlsx,ЗВН 03 500х1200х400
standard,ЗВН-03,800,1200,400,9017.190169000001,7490.570137,-1526.620032,-16.9301,15984.88,16312.80442773323,-327.924428,1.94,,I21,800/1200/400/н.ст.08/задн.ст.ОЦИНК/не.краш/ст.фильтры/врез.выт/-/без.подсв/вент.нет/сборн,Зонты/______-03/ЗВН-03 1200 мм.xlsx,ЗВН 03 800х1200х400
standard,ЗВН-03,1000,1200,400,10045.950583000002,8700.062868,-1345.887715,-13.3973,18565.93,19074.08642721932,-508.156427,1.94,,I21,1000/1200/400/н.ст.08/задн.ст.ОЦИНК/не.краш/ст.фильтры/врез.выт/-/без.подсв/вент.нет/сборн,Зонты/______-03/ЗВН-03 1200 мм.xlsx,ЗВН 03 1000х1200х400
standard,ЗВН-03,1200,1200,400,11475.709001000001,10470.544175,-1005.164826,-8.7591,22344.14,25042.70367226235,-2698.563672,1.94,,I21,1200/1200/400/н.ст.08/задн.ст.ОЦИНК/не.краш/ст.фильтры/врез.выт/-/без.подсв/вент.нет/сборн,Зонты/______-03/ЗВН-03 1200 мм.xlsx,ЗВН 03 1200х1200х400 
standard,ЗВН-03,1600,1200,400,13934.227833,13190.518214,-743.709619,-5.3373,28148.57,27336.69179491234,811.878205,1.94,,I21,1600/1200/400/н.ст.08/задн.ст.ОЦИНК/не.краш/ст.фильтры/врез.выт/-/без.подсв/вент.нет/сборн,Зонты/______-03/ЗВН-03 1200 мм.xlsx,ЗВН 03 1600х1200х400 
standard,ЗВН-03,1800,1200,400,14236.575417000002,14400.010944,163.435527,1.148,30729.62,31478.61479414147,-748.994794,1.94,,I23,1800/1200/400/н.ст.08/задн.ст.ОЦИНК/не.краш/ст.фильтры/врез.выт/-/без.подсв/вент.нет/сборн,Зонты/______-03/ЗВН-03 1200 мм.xlsx,ЗВН 03 1800х1200х400 
standard,ЗВН-03,2000,1200,400,15991.748661000001,15609.503675,-382.244986,-2.3903,33310.68,34975.8612,-1665.1812,1.94,,I21,2000/1200/400/н.ст.08/задн.ст.ОЦИНК/не.краш/ст.фильтры/врез.выт/-/без.подсв/вент.нет/сборн,Зонты/______-03/ЗВН-03 1200 мм.xlsx,ЗВН 03 2000х1200х400 
nonstandard:LIGHTS,ЗВН-03 ПРЕМИУМ,1000,800,400,12344.138699999998,,,,,20875.06602920635,,,,I35,1000/800/400/н.ст.08/задн.ст.ОЦИНК/не.краш/премиум.жир/врез.выт/-/без.подсв/вент.нет/сборн,Зонты/______-03 ______________/ЗВН-03 ПРЕМИУМ 1000х800х400 точ.светильник.xlsx,ЗВН-03 ПРЕМИУМ 1000-800-400
nonstandard:LIGHTS,ЗВН-03 ПРЕМИУМ,1200,800,400,14410.532200000001,,,,,26507.40216377455,,,,I33,1200/800/400/н.ст.08/задн.ст.ОЦИНК/не.краш/премиум.жир/врез.выт/-/без.подсв/вент.нет/сборн,Зонты/______-03 ______________/ЗВН-03 ПРЕМИУМ 1200х800х400 точ.светильник.xlsx,ЗВН-03 ПРЕМИУМ 1200-800-400
nonstandard:LIGHTS,ЗВН-03 ПРЕМИУМ,1500,800,400,15657.696199999998,,,,,28578.95944474679,,,,I36,1500/800/400/н.ст.08/задн.ст.ОЦИНК/не.краш/премиум.жир/врез.выт/-/без.подсв/вент.нет/сборн,Зонты/______-03 ______________/ЗВН-03 ПРЕМИУМ 1500х800х400 точ.светильник.xlsx,ЗВН-03 ПРЕМИУМ 1500-800-400
nonstandard:LIGHTS,ЗВН-03 ПРЕМИУМ,700,800,400,19012.8126,,,,,19052.02143905799,,,,I34,700/800/400/н.ст.08/задн.ст.ОЦИНК/не.краш/премиум.жир/врез.выт/-/без.подсв/вент.нет/сборн,Зонты/______-03 ______________/ЗВН-03 ПРЕМИУМ 700х800х400 св.панель.xlsx,ЗВН-03 ПРЕМИУМ 700-800-400
"nonstandard:CUBE,LIGHTS",ЗВН-03 ПРЕМИУМ,1000,900,400,12923.4968,,,,,21125.43329234982,,,,I34,1000/900/400/н.ст.08/задн.ст.ОЦИНК/не.краш/премиум.жир/врез.выт/-/без.подсв/вент.нет/сборн,Зонты/______-03 ______________ CUBE/ЗВН-03 ПРЕМИУМ CUBE 1000х900х400 точ.светильник.xlsx,ЗВН-03ПРЕМИУМ CUBE 1000-900-400
nonstandard:CUBE,ЗВН-03 ПРЕМИУМ,1200,1200,400,12845.451,,,,,32555.51477394106,,,,I20,1200/1200/400/н.ст.08/задн.ст.ОЦИНК/не.краш/премиум.жир/врез.выт/-/без.подсв/вент.нет/сборн,Зонты/______-03 ______________ CUBE/ЗВН-03 ПРЕМИУМ CUBE 1200х1200х400.xlsx,ЗВН-03ПРЕМИУМCUBE1200-1200-400
"nonstandard:CUBE,LIGHTS",ЗВН-03 ПРЕМИУМ,1400,1000,400,14734.973099999997,,,,,29739.92171680463,,,,I30,1400/1000/400/н.ст.08/задн.ст.ОЦИНК/не.краш/премиум.жир/врез.выт/-/без.подсв/вент.нет/сборн,Зонты/______-03 ______________ CUBE/ЗВН-03 ПРЕМИУМ CUBE 1400х1000х400 вс.светильник.xlsx,ЗВН-03ПРЕМИУМCUBE1400-1000-400
nonstandard:CUBE,ЗВН-03 ПРЕМИУМ,1400,900,400,14114.501199999999,,,,,28992.52907201339,,,,I20,1400/900/400/н.ст.08/задн.ст.ОЦИНК/не.краш/премиум.жир/врез.выт/-/без.подсв/вент.нет/сборн,Зонты/______-03 ______________ CUBE/ЗВН-03 ПРЕМИУМ CUBE 1400х900х400.xlsx,ЗВН-03ПРЕМИУМ CUBE 1400-900-400
"nonstandard:CUBE,LIGHTS",ЗВН-03 ПРЕМИУМ,2200,800,400,25007.871900000002,,,,,,,,,I34,2200/800/400/н.ст.08/задн.ст.ОЦИНК/не.краш/премиум.жир/врез.выт/-/без.подсв/вент.нет/сборн,Зонты/______-03 ______________ CUBE/ЗВН-03 ПРЕМИУМ CUBE 2200х800х400 точ.светильник.xlsx,ЗВН-03ПРЕМИУМ CUBE 2200-800-400
"nonstandard:CUBE,LIGHTS",ЗВН-03 ПРЕМИУМ,900,900,400,12506.657299999999,,,,,20710.00909276362,,,,I34,900/900/400/н.ст.08/задн.ст.ОЦИНК/не.краш/премиум.жир/врез.выт/-/без.подсв/вент.нет/сборн,Зонты/______-03 ______________ CUBE/ЗВН-03 ПРЕМИУМ CUBE 900х900х400 точ.светильник.xlsx,ЗВН-03 ПРЕМИУМ CUBE 900-900-400
standard,ЗВН-04/01,1000,1200,400,9142.040420000001,10653.77201,1511.73159,16.536,26250.89,30593.13265008,-4342.24265,2.24,,I19,1000/1200/400/н.ст.08/задн.ст.ОЦИНК/не.краш/ст.фильтры/врез.выт/-/без.подсв/вент.нет/сборн,Зонты/______-04_01/ЗВН-04-01 1000х1200х400.xlsx,ЗВН-04-01 1000-1200-400
standard,ЗВН-04/01,1200,1400,400,13761.2286,13028.363716,-732.864884,-5.3256,32101.89,38276.4140577,-6174.524058,2.24,,I18,1200/1400/400/н.ст.08/задн.ст.ОЦИНК/не.краш/ст.фильтры/врез.выт/-/без.подсв/вент.нет/сборн,Зонты/______-04_01/ЗВН-04-01 1200х1400х400.xlsx,ЗВН-04-01 1200-1400-400
standard,ЗВН-04/01,1600,1400,400,18506.5805,16011.630932,-2494.949568,-13.4814,39452.66,43038.50860764001,-3585.848608,2.24,,I18,1600/1400/400/н.ст.08/задн.ст.ОЦИНК/не.краш/ст.фильтры/врез.выт/-/без.подсв/вент.нет/сборн,Зонты/______-04_01/ЗВН-04-01 1600х1400х400.xlsx,ЗВН-04-01 1600-1400-400
standard,ЗВН-04/01,1800,1000,400,16774.19524,15539.060124,-1235.135116,-7.3633,39997.54,40905.94887288001,-908.408873,2.34,,I19,1800/1000/400/н.ст.08/задн.ст.ОЦИНК/не.краш/ст.фильтры/врез.выт/-/без.подсв/вент.нет/сборн,Зонты/______-04_01/ЗВН-04-01 1800х1000х400.xlsx,ЗВН-04-01 1800-1000-400
standard,ЗВН-04/01,500,1200,400,7772.109760000001,7231.206278,-540.903482,-6.9595,17817.69,25245.4007988,-7427.710799,2.24,,I19,500/1200/400/н.ст.08/задн.ст.ОЦИНК/не.краш/ст.фильтры/врез.выт/-/без.подсв/вент.нет/сборн,Зонты/______-04_01/ЗВН-04-01 500х1200х400.xlsx,ЗВН-04-01 500-1200-400
standard,ЗВН-04/01,800,1000,400,9659.0251,9005.976659,-653.048441,-6.761,23181.38,26784.15697503,-3602.776975,2.34,,I19,800/1000/400/н.ст.08/задн.ст.ОЦИНК/не.краш/ст.фильтры/врез.выт/-/без.подсв/вент.нет/сборн,Зонты/______-04_01/ЗВН-04-01 800х1000х400.xlsx,ЗВН-04-01 800-1000-400
standard,ЗВН-04/02,1000,1600,400,13419.39834,12106.41786,-1312.98048,-9.7842,29830.21,32091.05754036001,-2260.84754,2.24,,I19,1000/1600/400/н.ст.08/задн.ст.ОЦИНК/не.краш/ст.фильтры/врез.выт/-/без.подсв/вент.нет/сборн,Зонты/______-04_02/ЗВН-04-02 1000х1600х400 (1).xlsx,1000х1600х400
standard,ЗВН-04/02,1200,1800,400,17226.641200000002,14660.749213,-2565.891987,-14.8949,36124.09,35943.19771770001,180.892282,2.24,,I19,1200/1800/400/н.ст.08/задн.ст.ОЦИНК/не.краш/ст.фильтры/врез.выт/-/без.подсв/вент.нет/сборн,Зонты/______-04_02/ЗВН-04-02 1200х1800х400 (1).xlsx,1200х1800х400
standard,ЗВН-04/02,1600,1600,400,21884.7344,17219.319102,-4665.415298,-21.3181,42428.4,41514.91833761999,913.481662,2.24,,I19,1600/1600/400/н.ст.08/задн.ст.ОЦИНК/не.краш/ст.фильтры/врез.выт/-/без.подсв/вент.нет/сборн,Зонты/______-04_02/ЗВН-04-02 1600х1600х400 (1).xlsx,1600х1600х400
standard,ЗВН-04/02,1800,1800,400,21906.96584,19358.902102,-2548.063738,-11.6313,47700.33,47777.27099418,-76.940994,2.24,,I19,1800/1800/400/н.ст.08/задн.ст.ОЦИНК/не.краш/ст.фильтры/врез.выт/-/без.подсв/вент.нет/сборн,Зонты/______-04_02/ЗВН-04-02 1800х1800х400 (1).xlsx,1800х1800х400
standard,ЗВН-04/02,2000,2000,400,25836.227680000004,21623.304301,-4212.923379,-16.3063,53279.82,57134.63512575001,-3854.815126,2.24,,I19,2000/2000/400/н.ст.08/задн.ст.ОЦИНК/не.краш/ст.фильтры/врез.выт/-/без.подсв/вент.нет/сборн,Зонты/______-04_02/ЗВН-04-02 2000х2000х400 (1).xlsx,2000х2000х400
standard,ЗВН-04/02,500,2000,400,9806.182820000002,9108.861503,-697.321317,-7.111,22444.23,28402.24250682,-5958.012507,2.24,,I19,500/2000/400/н.ст.08/задн.ст.ОЦИНК/не.краш/ст.фильтры/врез.выт/-/без.подсв/вент.нет/сборн,Зонты/______-04_02/ЗВН-04-02 500х2000х400 (1).xlsx,500х2000х400
standard,ЗВН-04/02,800,1800,400,11729.808900000002,11327.988236,-401.820664,-3.4256,27912.16,32649.86285379001,-4737.702854,2.24,,I19,800/1800/400/н.ст.08/задн.ст.ОЦИНК/не.краш/ст.фильтры/врез.выт/-/без.подсв/вент.нет/сборн,Зонты/______-04_02/ЗВН-04-02 800х1800х400 (1).xlsx,800х1800х400
standard,ЗВН-04/03,1000,1000,400,15101.989577,10231.179375,-4870.810202,-32.2528,26335.06,29431.77615,-3096.71615,2.34,,I21,1000/1000/400/н.ст.08/задн.ст.ОЦИНК/не.краш/ст.фильтры/врез.выт/-/без.подсв/вент.нет/сборн,Зонты/______-04_03/ЗВН-04 1000х1000х400 ср. панель(1).xlsx,ЗВН-04 1000-1000-400
standard,ЗВН-04/03,1000,1000,400,536.0,10231.179375,9695.179375,1808.8021,26335.06,29431.77615,-3096.71615,2.34,,E9,1000/1000/400/н.ст.08/задн.ст.ОЦИНК/не.краш/ст.фильтры/врез.выт/-/без.подсв/вент.нет/сборн,Зонты/______-04_03/ЗВН-04 1000х1000х400 ср. панель(1).xlsx,Лист1
standard,ЗВН-04/03,1000,1600,400,17347.087124000005,11167.323375,-6179.763749,-35.6242,27516.28,31955.05215,-4438.77215,2.24,,I21,1000/1600/400/н.ст.08/задн.ст.ОЦИНК/не.краш/ст.фильтры/врез.выт/-/без.подсв/вент.нет/сборн,Зонты/______-04_03/ЗВН-04 1000х1600х400 ср. панель.xlsx,ЗВН-04 1000-1600-400
standard,ЗВН-04/03,1000,1800,400,18404.469989,11479.371375,-6925.098614,-37.6273,28285.17,35659.5876,-7374.4176,2.24,,I21,1000/1800/400/н.ст.08/задн.ст.ОЦИНК/не.краш/ст.фильтры/врез.выт/-/без.подсв/вент.нет/сборн,Зонты/______-04_03/ЗВН-04 1000х1800х400 ср. панель.xlsx,ЗВН-04 1000-1800-400
standard,ЗВН-04/03,1000,2000,400,19461.019175,11791.419375,-7669.5998,-39.4101,29054.06,38955.10814999999,-9901.04815,2.24,,I21,1000/2000/400/н.ст.08/задн.ст.ОЦИНК/не.краш/ст.фильтры/врез.выт/-/без.подсв/вент.нет/сборн,Зонты/______-04_03/ЗВН-04 1000х2000х400 ср. панель.xlsx,ЗВН-04 1000-2000-400
standard,ЗВН-04/03,1200,1600,400,19534.935523,13583.04993,-5951.885593,-30.4679,33468.64,37614.10905,-4145.46905,2.24,,I21,1200/1600/400/н.ст.08/задн.ст.ОЦИНК/не.краш/ст.фильтры/врез.выт/-/без.подсв/вент.нет/сборн,Зонты/______-04_03/ЗВН-04 1200х1600х400 ср. панель.xlsx,ЗВН-04 1200-1600-400
standard,ЗВН-04/03,1200,1800,400,20660.957959,13957.50753,-6703.450429,-32.445,34391.3,39591.01439999999,-5199.7144,2.24,,I21,1200/1800/400/н.ст.08/задн.ст.ОЦИНК/не.краш/ст.фильтры/врез.выт/-/без.подсв/вент.нет/сборн,Зонты/______-04_03/ЗВН-04 1200х1800х400 ср. панель.xlsx,ЗВН-04 1200-1800-400
standard,ЗВН-04/03,1200,2000,400,21374.30929,14331.96513,-7042.34416,-32.9477,35313.96,42046.12125,-6732.16125,2.24,,I21,1200/2000/400/н.ст.08/задн.ст.ОЦИНК/не.краш/ст.фильтры/врез.выт/-/без.подсв/вент.нет/сборн,Зонты/______-04_03/ЗВН-04 1200х2000х400 ср. панель.xlsx,ЗВН-04 1200-2000-400
standard,ЗВН-04/03,1400,1200,400,18897.439389,14263.064932,-4634.374457,-24.5238,35144.19,36364.68045,-1220.49045,2.24,,I23,1400/1200/400/н.ст.08/задн.ст.ОЦИНК/не.краш/ст.фильтры/врез.выт/-/без.подсв/вент.нет/сборн,Зонты/______-04_03/ЗВН-04 1400х1200х400 ср. панель.xlsx,ЗВН-04 1400-1200-400
standard,ЗВН-04/03,1400,1200,400,536.0,14263.064932,13727.064932,2561.0196,35144.19,36364.68045,-1220.49045,2.24,,E9,1400/1200/400/н.ст.08/задн.ст.ОЦИНК/не.краш/ст.фильтры/врез.выт/-/без.подсв/вент.нет/сборн,Зонты/______-04_03/ЗВН-04 1400х1200х400 ср. панель.xlsx,Лист1
standard,ЗВН-04/03,1600,1200,400,20955.233864,16293.972287,-4661.261577,-22.2439,40148.35,42386.967,-2238.617,2.24,,I22,1600/1200/400/н.ст.08/задн.ст.ОЦИНК/не.краш/ст.фильтры/врез.выт/-/без.подсв/вент.нет/сборн,Зонты/______-04_03/ЗВН-04 1600х1200х400 ср. панель.xlsx,ЗВН-04 1600-1200-400
standard,ЗВН-04/03,1600,1200,400,536.0,16293.972287,15757.972287,2939.9202,40148.35,42386.967,-2238.617,2.24,,E9,1600/1200/400/н.ст.08/задн.ст.ОЦИНК/не.краш/ст.фильтры/врез.выт/-/без.подсв/вент.нет/сборн,Зонты/______-04_03/ЗВН-04 1600х1200х400 ср. панель.xlsx,Лист1
standard,ЗВН-04/03,1600,1600,400,23481.559126999997,17292.525887,-6189.03324,-26.357,42608.78,45727.25535,-3118.47535,2.24,,I22,1600/1600/400/н.ст.08/задн.ст.ОЦИНК/не.краш/ст.фильтры/врез.выт/-/без.подсв/вент.нет/сборн,Зонты/______-04_03/ЗВН-04 1600х1600х400 ср. панель.xlsx,ЗВН-04 1600-1600-400
standard,ЗВН-04/03,1600,1600,400,536.0,17292.525887,16756.525887,3126.2175,42608.78,45727.25535,-3118.47535,2.24,,E9,1600/1600/400/н.ст.08/задн.ст.ОЦИНК/не.краш/ст.фильтры/врез.выт/-/без.подсв/вент.нет/сборн,Зонты/______-04_03/ЗВН-04 1600х1600х400 ср. панель.xlsx,Лист1
standard,ЗВН-04/03,1600,1800,400,24744.860705,17791.802687,-6953.058018,-28.099,43839.0,46477.11599999999,-2638.116,2.24,,I22,1600/1800/400/н.ст.08/задн.ст.ОЦИНК/не.краш/ст.фильтры/врез.выт/-/без.подсв/вент.нет/сборн,Зонты/______-04_03/ЗВН-04 1600х1800х400 ср. панель(1).xlsx,ЗВН-04 1600-1800-400
standard,ЗВН-04/03,1600,1800,400,536.0,17791.802687,17255.802687,3219.3662,43839.0,46477.11599999999,-2638.116,2.24,,E9,1600/1800/400/н.ст.08/задн.ст.ОЦИНК/не.краш/ст.фильтры/врез.выт/-/без.подсв/вент.нет/сборн,Зонты/______-04_03/ЗВН-04 1600х1800х400 ср. панель(1).xlsx,Лист1
standard,ЗВН-04/03,1600,2000,400,26282.164781,18291.079487,-7991.085294,-30.405,45069.22,51137.037,-6067.817,2.24,,I22,1600/2000/400/н.ст.08/задн.ст.ОЦИНК/не.краш/ст.фильтры/врез.выт/-/без.подсв/вент.нет/сборн,Зонты/______-04_03/ЗВН-04 1600х2000х400 ср. панель.xlsx,ЗВН-04 1600-2000-400
standard,ЗВН-04/03,1600,2000,400,536.0,18291.079487,17755.079487,3312.5148,45069.22,51137.037,-6067.817,2.24,,E9,1600/2000/400/н.ст.08/задн.ст.ОЦИНК/не.краш/ст.фильтры/врез.выт/-/без.подсв/вент.нет/сборн,Зонты/______-04_03/ЗВН-04 1600х2000х400 ср. панель.xlsx,Лист1
standard,ЗВН-04/03,1800,1200,400,22210.754438,17722.902489,-4487.851949,-20.2058,43669.23,47159.82494999999,-3490.59495,2.24,,I23,1800/1200/400/н.ст.08/задн.ст.ОЦИНК/не.краш/ст.фильтры/врез.выт/-/без.подсв/вент.нет/сборн,Зонты/______-04_03/ЗВН-04 1800х1200х400 ср. панель.xlsx,ЗВН-04 1800-1200-400
standard,ЗВН-04/03,1800,1200,400,536.0,17722.902489,17186.902489,3206.5117,43669.23,47159.82494999999,-3490.59495,2.24,,E9,1800/1200/400/н.ст.08/задн.ст.ОЦИНК/не.краш/ст.фильтры/врез.выт/-/без.подсв/вент.нет/сборн,Зонты/______-04_03/ЗВН-04 1800х1200х400 ср. панель.xlsx,Лист1
standard,ЗВН-04/03,1800,1600,400,24874.358842999995,18846.275289,-6028.083554,-24.2341,46437.22,49159.1142,-2721.8942,2.24,,I23,1800/1600/400/н.ст.08/задн.ст.ОЦИНК/не.краш/ст.фильтры/врез.выт/-/без.подсв/вент.нет/сборн,Зонты/______-04_03/ЗВН-04 1800х1600х400 ср. панель.xlsx,ЗВН-04 1800-1600-400
standard,ЗВН-04/03,1800,1600,400,536.0,18846.275289,18310.275289,3416.0961,46437.22,49159.1142,-2721.8942,2.24,,E9,1800/1600/400/н.ст.08/задн.ст.ОЦИНК/не.краш/ст.фильтры/врез.выт/-/без.подсв/вент.нет/сборн,Зонты/______-04_03/ЗВН-04 1800х1600х400 ср. панель.xlsx,Лист1
standard,ЗВН-04/03,1800,1800,400,26206.577885,19407.961689,-6798.616196,-25.9424,47821.22,52614.3744,-4793.1544,2.24,,I23,1800/1800/400/н.ст.08/задн.ст.ОЦИНК/не.краш/ст.фильтры/врез.выт/-/без.подсв/вент.нет/сборн,Зонты/______-04_03/ЗВН-04 1800х1800х400 ср. панель.xlsx,ЗВН-04 1800-1800-400
standard,ЗВН-04/03,1800,1800,400,536.0,19407.961689,18871.961689,3520.8884,47821.22,52614.3744,-4793.1544,2.24,,E9,1800/1800/400/н.ст.08/задн.ст.ОЦИНК/не.краш/ст.фильтры/врез.выт/-/без.подсв/вент.нет/сборн,Зонты/______-04_03/ЗВН-04 1800х1800х400 ср. панель.xlsx,Лист1
standard,ЗВН-04/03,1800,2000,400,27846.702371000003,19969.648089,-7877.054282,-28.2872,49205.21,55318.7565,-6113.5465,2.24,,I23,1800/2000/400/н.ст.08/задн.ст.ОЦИНК/не.краш/ст.фильтры/врез.выт/-/без.подсв/вент.нет/сборн,Зонты/______-04_03/ЗВН-04 1800х2000х400 ср. панель.xlsx,ЗВН-04 1800-2000-400
standard,ЗВН-04/03,2000,1800,400,27668.017172000003,21024.12069,-6643.896482,-24.0129,51803.43,60227.95275,-8424.52275,2.24,,I22,2000/1800/400/н.ст.08/задн.ст.ОЦИНК/не.краш/ст.фильтры/врез.выт/-/без.подсв/вент.нет/сборн,Зонты/______-04_03/ЗВН-04 2000х1800х400 ср. панель.xlsx,ЗВН-04 2000-1800-400
standard,ЗВН-04/03,2000,1800,400,536.0,21024.12069,20488.12069,3822.4106,51803.43,60227.95275,-8424.52275,2.24,,E9,2000/1800/400/н.ст.08/задн.ст.ОЦИНК/не.краш/ст.фильтры/врез.выт/-/без.подсв/вент.нет/сборн,Зонты/______-04_03/ЗВН-04 2000х1800х400 ср. панель.xlsx,Лист1
standard,ЗВН-04/03,2000,2000,400,29410.962068000004,21648.21669,-7762.745378,-26.3941,53341.21,62932.33485,-9591.12485,2.24,,I22,2000/2000/400/н.ст.08/задн.ст.ОЦИНК/не.краш/ст.фильтры/врез.выт/-/без.подсв/вент.нет/сборн,Зонты/______-04_03/ЗВН-04 2000х2000х400 ср. панель.xlsx,ЗВН-04 2000-2000-400
standard,ЗВН-04/05,1000,2000,400,15842.12754,11791.419375,-4050.708165,-25.5692,29054.06,50000.242862115,-20946.182862,2.24,,I19,1000/2000/400/н.ст.08/задн.ст.ОЦИНК/не.краш/ст.фильтры/врез.выт/-/без.подсв/вент.нет/сборн,Зонты/______-04_05/ЗВН-04-05 1000х2000х400.xlsx,ЗВН-04-05 1000-2000-400
standard,ЗВН-04/05,1200,1600,400,16582.427200000002,13583.04993,-2999.37727,-18.0877,33468.64,51223.43152836,-17754.791528,2.24,,I19,1200/1600/400/н.ст.08/задн.ст.ОЦИНК/не.краш/ст.фильтры/врез.выт/-/без.подсв/вент.нет/сборн,Зонты/______-04_05/ЗВН-04-05 1200х1600х400.xlsx,ЗВН-04-05 1200-1600-400
standard,ЗВН-04/05,1600,1800,400,23246.4101,17791.802687,-5454.607413,-23.4643,43839.0,63294.32626335001,-19455.326263,2.24,,I19,1600/1800/400/н.ст.08/задн.ст.ОЦИНК/не.краш/ст.фильтры/врез.выт/-/без.подсв/вент.нет/сборн,Зонты/______-04_05/ЗВН-04-05 1600х1800х400.xlsx,ЗВН-04-05 1600-1800-400
standard,ЗВН-04/05,1800,2000,400,24074.531240000004,19969.648089,-4104.883151,-17.0507,49205.21,75331.97266549499,-26126.762665,2.24,,I19,1800/2000/400/н.ст.08/задн.ст.ОЦИНК/не.краш/ст.фильтры/врез.выт/-/без.подсв/вент.нет/сборн,Зонты/______-04_05/ЗВН-04-05 1800х2000х400.xlsx,ЗВН-04-05 1800-2000-400
standard,ЗВН-04/05,2000,1600,400,23791.08038,20400.02469,-3391.05569,-14.2535,50265.66,74121.03338503501,-23855.373385,2.24,,I19,2000/1600/400/н.ст.08/задн.ст.ОЦИНК/не.краш/ст.фильтры/врез.выт/-/без.подсв/вент.нет/сборн,Зонты/______-04_05/ЗВН-04-05 2000х1600х400.xlsx,ЗВН-04-05 2000-1600-400
standard,ЗВН-04/05,500,1600,400,15596.06978,6680.972718,-8915.097062,-57.1625,16461.92,41297.929218,-24836.009218,2.24,,I19,500/1600/400/н.ст.08/задн.ст.ОЦИНК/не.краш/ст.фильтры/врез.выт/-/без.подсв/вент.нет/сборн,Зонты/______-04_05/ЗВН-04-05 500х1600х400.xlsx,ЗВН-04-05 500-1600-400
standard,ЗВН-04/05,800,1800,400,13563.9027,9863.212374,-3700.690326,-27.2834,24302.96,48974.794280685,-24671.834281,2.24,,I19,800/1800/400/н.ст.08/задн.ст.ОЦИНК/не.краш/ст.фильтры/врез.выт/-/без.подсв/вент.нет/сборн,Зонты/______-04_05/ЗВН-04-05 800х1800х400.xlsx,ЗВН-04-05 800-1800-400
standard,ЗВН-05,1000,1200,400,10303.325920000001,8700.062868,-1603.263052,-15.5606,18565.93,20981.49506994125,-2415.56507,1.94,,I20,1000/1200/400/н.ст.08/задн.ст.ОЦИНК/не.краш/ст.фильтры/врез.выт/-/без.подсв/вент.нет/сборн,Зонты/______-05/ЗВН-05 з.ст. ОЦ 1000х1200х400.xlsx,ЗВН-05 1000-1200-400
standard,ЗВН-05,1100,800,400,8961.55386,8919.29221,-42.26165,-0.4716,19033.77,20748.66979265642,-1714.899793,1.94,,I19,1100/800/400/н.ст.08/задн.ст.ОЦИНК/не.краш/ст.фильтры/врез.выт/-/без.подсв/вент.нет/сборн,Зонты/______-05/ЗВН-05 з.ст. ОЦ 1100х800х400.xlsx,ЗВН-05 1100-800-400
standard,ЗВН-05,1400,1000,400,11862.98322,11243.169706,-619.813514,-5.2248,23992.92,25421.78320454273,-1428.863205,1.94,,I19,1400/1000/400/н.ст.08/задн.ст.ОЦИНК/не.краш/ст.фильтры/врез.выт/-/без.подсв/вент.нет/сборн,Зонты/______-05/ЗВН-05 з.ст. ОЦ 1400х1000х400.xlsx,ЗВН-05 1400-1000-400
standard,ЗВН-05,1520,1020,400,12109.210980000002,12390.254522,281.043542,2.3209,26440.8,,,1.94,,I19,1520/1020/400/н.ст.08/задн.ст.ОЦИНК/не.краш/ст.фильтры/врез.выт/-/без.подсв/вент.нет/сборн,Зонты/______-05/ЗВН-05 з.ст. ОЦ 1520х1020х400.xlsx,ЗВН-05 1520-1020-400
standard,ЗВН-05,2000,1000,400,16095.543339999998,14985.407675,-1110.135665,-6.8972,31978.86,31589.06607412091,389.793926,1.94,,I19,2000/1000/400/н.ст.08/задн.ст.ОЦИНК/не.краш/ст.фильтры/врез.выт/-/без.подсв/вент.нет/сборн,Зонты/______-05/ЗВН-05 з.ст. ОЦ 2000х1000х400.xlsx,ЗВН-05 2000-1000-400
standard,ЗВН-05,600,700,400,7270.158100000001,5813.005406,-1457.152694,-20.0429,12404.95,13877.96011081696,-1473.010111,1.94,,I19,600/700/400/н.ст.08/задн.ст.ОЦИНК/не.краш/ст.фильтры/врез.выт/-/без.подсв/вент.нет/сборн,Зонты/______-05/ЗВН-05 з.ст. ОЦ 600х700х400.xlsx,ЗВН-05 600-700-400
